Time,SoG,CoG,Heading,TWS,TWA,StW,AWS,AWA,Rudder,Current
,9.34448707379357,329.3143211498635,177.20660499572557,15.904738327905811,282.48376773436087,8.665395085711046,2.8679982588472086,99.07888437745024,43.10157321037907,"(9.186692339140597, 7.119602661000138)"
